<?xml version='1.0'?><gendarme-output><info>Gendarme - Development Snapshot</info><rules><rule Type="Type">Gendarme.Rules.Performance.EmptyDestructorRule</rule><rule Type="Type">Gendarme.Rules.Performance.IDisposableWithDestructorWithoutSuppressFinalizeRule</rule><rule Type="Type">Gendarme.Rules.Security.SealedTypeWithInheritanceDemandRule</rule><rule Type="Type">Gendarme.Rules.Security.TypeExposeFieldsRule</rule><rule Type="Type">Gendarme.Rules.Security.TypeIsNotSubsetOfMethodSecurityRule</rule><rule Type="Type">Gendarme.Rules.Security.TypeLinkDemandRule</rule><rule Type="Method">Gendarme.Rules.Concurrency.DoubleCheckLockingRule</rule><rule Type="Method">Gendarme.Rules.Correctness.BadRecursiveInvocationRule</rule><rule Type="Method">Gendarme.Rules.Correctness.NullDerefRule</rule><rule Type="Method">Gendarme.Rules.Performance.UseStringEmptyRule</rule><rule Type="Method">Gendarme.Rules.Security.MethodCallWithSubsetLinkDemandRule</rule><rule Type="Method">Gendarme.Rules.Security.NonVirtualMethodWithInheritanceDemandRule</rule><rule Type="Method">Gendarme.Rules.Security.SecureGetObjectDataOverridesRule</rule><rule Type="Method">Gendarme.Rules.Portability.NewLineLiteralRule</rule><rule Type="Method">Gendarme.Rules.Exceptions.DontDestroyStackTrace</rule></rules><input>C:\Development\mono\bin\Debug\Gendarme.Framework.dll</input><violation Assembly="C:\Development\mono\bin\Debug\Gendarme.Framework.dll" Name="NullDerefRule" Uri="http://www.mono-project.com/Gendarme"><problem>Method or property 'System.String Gendarme.Framework.AssemblyManager::get_DefaultAssemblyLocation()' might dereference a null pointer, or cause other code to do so.</problem><solution>Examine the detailed listing of problem locations, and ensure that the variables in question cannot be null.</solution><messages><message Location="Gendarme.Framework.AssemblyManager::get_DefaultAssemblyLocation:0011" Type="Warning">accessing property Assembly() from potentially null object</message><message Location="Gendarme.Framework.AssemblyManager::get_DefaultAssemblyLocation:0016" Type="Warning">accessing property Location() from potentially null object</message></messages></violation><violation Assembly="C:\Development\mono\bin\Debug\Gendarme.Framework.dll" Name="NullDerefRule" Uri="http://www.mono-project.com/Gendarme"><problem>Method or property 'System.String Gendarme.Framework.Location::ToString()' might dereference a null pointer, or cause other code to do so.</problem><solution>Examine the detailed listing of problem locations, and ensure that the variables in question cannot be null.</solution><messages><message Location="Gendarme.Framework.Location::ToString:004e" Type="Warning">accessing property Length() from potentially null object</message></messages></violation><violation Assembly="C:\Development\mono\bin\Debug\Gendarme.Framework.dll" Name="NullDerefRule" Uri="http://www.mono-project.com/Gendarme"><problem>Method or property 'System.String Gendarme.Framework.Message::ToString()' might dereference a null pointer, or cause other code to do so.</problem><solution>Examine the detailed listing of problem locations, and ensure that the variables in question cannot be null.</solution><messages><message Location="Gendarme.Framework.Message::ToString:0006" Type="Warning">accessing method ToString() from potentially null object</message></messages></violation><violation Assembly="C:\Development\mono\bin\Debug\Gendarme.Framework.dll" Name="NullDerefRule" Uri="http://www.mono-project.com/Gendarme"><problem>Method or property 'System.Int32 Gendarme.Framework.Runner::LoadRulesFromAssembly(System.String,System.String,System.String)' might dereference a null pointer, or cause other code to do so.</problem><solution>Examine the detailed listing of problem locations, and ensure that the variables in question cannot be null.</solution><messages><message Location="Gendarme.Framework.Runner::LoadRulesFromAssembly:001c" Type="Warning">accessing property Length() from potentially null object</message><message Location="Gendarme.Framework.Runner::LoadRulesFromAssembly:003e" Type="Warning">accessing method GetTypes() from potentially null object</message><message Location="Gendarme.Framework.Runner::LoadRulesFromAssembly:005b" Type="Warning">accessing method GetInterface(System.String) from potentially null object</message><message Location="Gendarme.Framework.Runner::LoadRulesFromAssembly:0068" Type="Warning">accessing property Assembly() from potentially null object</message><message Location="Gendarme.Framework.Runner::LoadRulesFromAssembly:0074" Type="Warning">accessing method Add(Gendarme.Framework.IRule) from potentially null object</message><message Location="Gendarme.Framework.Runner::LoadRulesFromAssembly:0081" Type="Warning">accessing method GetInterface(System.String) from potentially null object</message><message Location="Gendarme.Framework.Runner::LoadRulesFromAssembly:008e" Type="Warning">accessing property Module() from potentially null object</message><message Location="Gendarme.Framework.Runner::LoadRulesFromAssembly:009a" Type="Warning">accessing method Add(Gendarme.Framework.IRule) from potentially null object</message><message Location="Gendarme.Framework.Runner::LoadRulesFromAssembly:00a7" Type="Warning">accessing method GetInterface(System.String) from potentially null object</message><message Location="Gendarme.Framework.Runner::LoadRulesFromAssembly:00b4" Type="Warning">accessing property Type() from potentially null object</message><message Location="Gendarme.Framework.Runner::LoadRulesFromAssembly:00c0" Type="Warning">accessing method Add(Gendarme.Framework.IRule) from potentially null object</message><message Location="Gendarme.Framework.Runner::LoadRulesFromAssembly:00cd" Type="Warning">accessing method GetInterface(System.String) from potentially null object</message><message Location="Gendarme.Framework.Runner::LoadRulesFromAssembly:00da" Type="Warning">accessing property Method() from potentially null object</message><message Location="Gendarme.Framework.Runner::LoadRulesFromAssembly:00e6" Type="Warning">accessing method Add(Gendarme.Framework.IRule) from potentially null object</message></messages></violation><violation Assembly="C:\Development\mono\bin\Debug\Gendarme.Framework.dll" Name="NullDerefRule" Uri="http://www.mono-project.com/Gendarme"><problem>Method or property 'System.Void Gendarme.Framework.Runner::Process(Mono.Cecil.IAssemblyDefinition)' might dereference a null pointer, or cause other code to do so.</problem><solution>Examine the detailed listing of problem locations, and ensure that the variables in question cannot be null.</solution><messages><message Location="Gendarme.Framework.Runner::Process:0006" Type="Warning">accessing method Reset() from potentially null object</message><message Location="Gendarme.Framework.Runner::Process:0011" Type="Warning">accessing property Assembly() from potentially null object</message><message Location="Gendarme.Framework.Runner::Process:0016" Type="Warning">accessing method GetEnumerator() from potentially null object</message><message Location="Gendarme.Framework.Runner::Process:0021" Type="Warning">accessing property Current() from potentially null object</message><message Location="Gendarme.Framework.Runner::Process:002f" Type="Warning">accessing method CheckAssembly(Mono.Cecil.IAssemblyDefinition,Gendarme.Framework.Runner) from potentially null object</message><message Location="Gendarme.Framework.Runner::Process:0047" Type="Warning">accessing method Add(Gendarme.Framework.IRule,System.Object,System.Collections.IList) from potentially null object</message><message Location="Gendarme.Framework.Runner::Process:004e" Type="Warning">accessing method MoveNext() from potentially null object</message><message Location="Gendarme.Framework.Runner::Process:0066" Type="Warning">accessing method Dispose() from potentially null object</message><message Location="Gendarme.Framework.Runner::Process:006d" Type="Warning">accessing property Modules() from potentially null object</message><message Location="Gendarme.Framework.Runner::Process:0072" Type="Warning">accessing method GetEnumerator() from potentially null object</message><message Location="Gendarme.Framework.Runner::Process:0080" Type="Warning">accessing property Current() from potentially null object</message><message Location="Gendarme.Framework.Runner::Process:0091" Type="Warning">accessing property Module() from potentially null object</message><message Location="Gendarme.Framework.Runner::Process:0096" Type="Warning">accessing method GetEnumerator() from potentially null object</message><message Location="Gendarme.Framework.Runner::Process:00a1" Type="Warning">accessing property Current() from potentially null object</message><message Location="Gendarme.Framework.Runner::Process:00b0" Type="Warning">accessing method CheckModule(Mono.Cecil.IAssemblyDefinition,Mono.Cecil.IModuleDefinition,Gendarme.Framework.Runner) from potentially null object</message><message Location="Gendarme.Framework.Runner::Process:00c8" Type="Warning">accessing method Add(Gendarme.Framework.IRule,System.Object,System.Collections.IList) from potentially null object</message><message Location="Gendarme.Framework.Runner::Process:00cf" Type="Warning">accessing method MoveNext() from potentially null object</message><message Location="Gendarme.Framework.Runner::Process:00e7" Type="Warning">accessing method Dispose() from null object</message><message Location="Gendarme.Framework.Runner::Process:00ee" Type="Warning">accessing property Types() from potentially null object</message><message Location="Gendarme.Framework.Runner::Process:00f3" Type="Warning">accessing method GetEnumerator() from potentially null object</message><message Location="Gendarme.Framework.Runner::Process:0101" Type="Warning">accessing property Current() from potentially null object</message><message Location="Gendarme.Framework.Runner::Process:0113" Type="Warning">accessing property Type() from potentially null object</message><message Location="Gendarme.Framework.Runner::Process:0118" Type="Warning">accessing method GetEnumerator() from potentially null object</message><message Location="Gendarme.Framework.Runner::Process:0123" Type="Warning">accessing property Current() from potentially null object</message><message Location="Gendarme.Framework.Runner::Process:0136" Type="Warning">accessing method CheckType(Mono.Cecil.IAssemblyDefinition,Mono.Cecil.IModuleDefinition,Mono.Cecil.ITypeDefinition,Gendarme.Framework.Runner) from potentially null object</message><message Location="Gendarme.Framework.Runner::Process:0150" Type="Warning">accessing method Add(Gendarme.Framework.IRule,System.Object,System.Collections.IList) from potentially null object</message><message Location="Gendarme.Framework.Runner::Process:0157" Type="Warning">accessing method MoveNext() from potentially null object</message><message Location="Gendarme.Framework.Runner::Process:016f" Type="Warning">accessing method Dispose() from null object</message><message Location="Gendarme.Framework.Runner::Process:0177" Type="Warning">accessing property Methods() from potentially null object</message><message Location="Gendarme.Framework.Runner::Process:017c" Type="Warning">accessing method GetEnumerator() from potentially null object</message><message Location="Gendarme.Framework.Runner::Process:0187" Type="Warning">accessing property Current() from potentially null object</message><message Location="Gendarme.Framework.Runner::Process:0199" Type="Warning">accessing property Method() from potentially null object</message><message Location="Gendarme.Framework.Runner::Process:019e" Type="Warning">accessing method GetEnumerator() from potentially null object</message><message Location="Gendarme.Framework.Runner::Process:01a9" Type="Warning">accessing property Current() from potentially null object</message><message Location="Gendarme.Framework.Runner::Process:01be" Type="Warning">accessing method CheckMethod(Mono.Cecil.IAssemblyDefinition,Mono.Cecil.IModuleDefinition,Mono.Cecil.ITypeDefinition,Mono.Cecil.IMethodDefinition,Gendarme.Framework.Runner) from potentially null object</message><message Location="Gendarme.Framework.Runner::Process:01d8" Type="Warning">accessing method Add(Gendarme.Framework.IRule,System.Object,System.Collections.IList) from potentially null object</message><message Location="Gendarme.Framework.Runner::Process:01df" Type="Warning">accessing method MoveNext() from potentially null object</message><message Location="Gendarme.Framework.Runner::Process:01f7" Type="Warning">accessing method Dispose() from null object</message><message Location="Gendarme.Framework.Runner::Process:01ff" Type="Warning">accessing method MoveNext() from potentially null object</message><message Location="Gendarme.Framework.Runner::Process:021a" Type="Warning">accessing method Dispose() from null object</message><message Location="Gendarme.Framework.Runner::Process:0222" Type="Warning">accessing method MoveNext() from potentially null object</message><message Location="Gendarme.Framework.Runner::Process:023d" Type="Warning">accessing method Dispose() from null object</message><message Location="Gendarme.Framework.Runner::Process:0245" Type="Warning">accessing method MoveNext() from potentially null object</message><message Location="Gendarme.Framework.Runner::Process:0260" Type="Warning">accessing method Dispose() from potentially null object</message></messages></violation><violation Assembly="C:\Development\mono\bin\Debug\Gendarme.Framework.dll" Name="NullDerefRule" Uri="http://www.mono-project.com/Gendarme"><problem>Method or property 'Gendarme.Framework.IRule Gendarme.Framework.RuleCollection::get_Item(System.Int32)' might dereference a null pointer, or cause other code to do so.</problem><solution>Examine the detailed listing of problem locations, and ensure that the variables in question cannot be null.</solution><messages><message Location="Gendarme.Framework.RuleCollection::get_Item:0007" Type="Warning">accessing property Item(System.Int32) from potentially null object</message></messages></violation><violation Assembly="C:\Development\mono\bin\Debug\Gendarme.Framework.dll" Name="NullDerefRule" Uri="http://www.mono-project.com/Gendarme"><problem>Method or property 'System.Void Gendarme.Framework.RuleCollection::set_Item(System.Int32,Gendarme.Framework.IRule)' might dereference a null pointer, or cause other code to do so.</problem><solution>Examine the detailed listing of problem locations, and ensure that the variables in question cannot be null.</solution><messages><message Location="Gendarme.Framework.RuleCollection::set_Item:0008" Type="Warning">accessing property Item(System.Int32,System.Object) from potentially null object</message></messages></violation><violation Assembly="C:\Development\mono\bin\Debug\Gendarme.Framework.dll" Name="NullDerefRule" Uri="http://www.mono-project.com/Gendarme"><problem>Method or property 'System.Void Gendarme.Framework.RuleCollection::Add(Gendarme.Framework.IRule)' might dereference a null pointer, or cause other code to do so.</problem><solution>Examine the detailed listing of problem locations, and ensure that the variables in question cannot be null.</solution><messages><message Location="Gendarme.Framework.RuleCollection::Add:0007" Type="Warning">accessing method Add(System.Object) from potentially null object</message></messages></violation><violation Assembly="C:\Development\mono\bin\Debug\Gendarme.Framework.dll" Name="NullDerefRule" Uri="http://www.mono-project.com/Gendarme"><problem>Method or property 'System.Void Gendarme.Framework.RuleCollection::Remove(Gendarme.Framework.IRule)' might dereference a null pointer, or cause other code to do so.</problem><solution>Examine the detailed listing of problem locations, and ensure that the variables in question cannot be null.</solution><messages><message Location="Gendarme.Framework.RuleCollection::Remove:0007" Type="Warning">accessing method Remove(System.Object) from potentially null object</message></messages></violation><violation Assembly="C:\Development\mono\bin\Debug\Gendarme.Framework.dll" Name="NullDerefRule" Uri="http://www.mono-project.com/Gendarme"><problem>Method or property 'System.Xml.XmlDocument Gendarme.Framework.RuleInformationManager::LoadAssemblyRulesInformations(System.String)' might dereference a null pointer, or cause other code to do so.</problem><solution>Examine the detailed listing of problem locations, and ensure that the variables in question cannot be null.</solution><messages><message Location="Gendarme.Framework.RuleInformationManager::LoadAssemblyRulesInformations:001b" Type="Warning">accessing property Item(System.Object) from potentially null object</message><message Location="Gendarme.Framework.RuleInformationManager::LoadAssemblyRulesInformations:0045" Type="Warning">accessing property Item(System.Object,System.Object) from potentially null object</message></messages></violation><violation Assembly="C:\Development\mono\bin\Debug\Gendarme.Framework.dll" Name="NullDerefRule" Uri="http://www.mono-project.com/Gendarme"><problem>Method or property 'System.String Gendarme.Framework.RuleInformationManager::GetAttribute(System.Xml.XmlElement,System.String)' might dereference a null pointer, or cause other code to do so.</problem><solution>Examine the detailed listing of problem locations, and ensure that the variables in question cannot be null.</solution><messages><message Location="Gendarme.Framework.RuleInformationManager::GetAttribute:0001" Type="Warning">accessing property Attributes() from potentially null object</message><message Location="Gendarme.Framework.RuleInformationManager::GetAttribute:0007" Type="Warning">accessing property ItemOf(System.String) from potentially null object</message><message Location="Gendarme.Framework.RuleInformationManager::GetAttribute:0019" Type="Warning">accessing property Value() from potentially null object</message></messages></violation><violation Assembly="C:\Development\mono\bin\Debug\Gendarme.Framework.dll" Name="NullDerefRule" Uri="http://www.mono-project.com/Gendarme"><problem>Method or property 'System.String Gendarme.Framework.RuleInformationManager::GetSubElement(System.Xml.XmlElement,System.String)' might dereference a null pointer, or cause other code to do so.</problem><solution>Examine the detailed listing of problem locations, and ensure that the variables in question cannot be null.</solution><messages><message Location="Gendarme.Framework.RuleInformationManager::GetSubElement:0001" Type="Warning">accessing property ChildNodes() from potentially null object</message><message Location="Gendarme.Framework.RuleInformationManager::GetSubElement:0006" Type="Warning">accessing property Count() from potentially null object</message><message Location="Gendarme.Framework.RuleInformationManager::GetSubElement:000f" Type="Warning">accessing property ChildNodes() from potentially null object</message><message Location="Gendarme.Framework.RuleInformationManager::GetSubElement:0014" Type="Warning">accessing method GetEnumerator() from potentially null object</message><message Location="Gendarme.Framework.RuleInformationManager::GetSubElement:001d" Type="Warning">accessing property Current() from potentially null object</message><message Location="Gendarme.Framework.RuleInformationManager::GetSubElement:0029" Type="Warning">accessing property Name() from potentially null object</message><message Location="Gendarme.Framework.RuleInformationManager::GetSubElement:0037" Type="Warning">accessing property InnerText() from potentially null object</message><message Location="Gendarme.Framework.RuleInformationManager::GetSubElement:0040" Type="Warning">accessing method MoveNext() from potentially null object</message><message Location="Gendarme.Framework.RuleInformationManager::GetSubElement:0054" Type="Warning">accessing method Dispose() from potentially null object</message></messages></violation><violation Assembly="C:\Development\mono\bin\Debug\Gendarme.Framework.dll" Name="NullDerefRule" Uri="http://www.mono-project.com/Gendarme"><problem>Method or property 'Gendarme.Framework.RuleInformation Gendarme.Framework.RuleInformationManager::LoadRuleInformations(System.Xml.XmlDocument,System.String)' might dereference a null pointer, or cause other code to do so.</problem><solution>Examine the detailed listing of problem locations, and ensure that the variables in question cannot be null.</solution><messages><message Location="Gendarme.Framework.RuleInformationManager::LoadRuleInformations:0003" Type="Warning">accessing property DocumentElement() from potentially null object</message><message Location="Gendarme.Framework.RuleInformationManager::LoadRuleInformations:000e" Type="Warning">accessing property DocumentElement() from potentially null object</message><message Location="Gendarme.Framework.RuleInformationManager::LoadRuleInformations:0013" Type="Warning">accessing method GetEnumerator() from potentially null object</message><message Location="Gendarme.Framework.RuleInformationManager::LoadRuleInformations:001f" Type="Warning">accessing property Current() from potentially null object</message><message Location="Gendarme.Framework.RuleInformationManager::LoadRuleInformations:002b" Type="Warning">accessing property Name() from potentially null object</message><message Location="Gendarme.Framework.RuleInformationManager::LoadRuleInformations:00a1" Type="Warning">accessing method MoveNext() from potentially null object</message><message Location="Gendarme.Framework.RuleInformationManager::LoadRuleInformations:00bb" Type="Warning">accessing method Dispose() from potentially null object</message></messages></violation><violation Assembly="C:\Development\mono\bin\Debug\Gendarme.Framework.dll" Name="NullDerefRule" Uri="http://www.mono-project.com/Gendarme"><problem>Method or property 'Gendarme.Framework.RuleInformation Gendarme.Framework.RuleInformationManager::GetRuleInformation(System.Type)' might dereference a null pointer, or cause other code to do so.</problem><solution>Examine the detailed listing of problem locations, and ensure that the variables in question cannot be null.</solution><messages><message Location="Gendarme.Framework.RuleInformationManager::GetRuleInformation:0029" Type="Warning">accessing property AssemblyQualifiedName() from potentially null object</message><message Location="Gendarme.Framework.RuleInformationManager::GetRuleInformation:002e" Type="Warning">accessing property Item(System.Object) from potentially null object</message><message Location="Gendarme.Framework.RuleInformationManager::GetRuleInformation:0042" Type="Warning">accessing property Assembly() from potentially null object</message><message Location="Gendarme.Framework.RuleInformationManager::GetRuleInformation:0047" Type="Warning">accessing property Location() from potentially null object</message><message Location="Gendarme.Framework.RuleInformationManager::GetRuleInformation:006e" Type="Warning">accessing property Item(System.Object) from potentially null object</message><message Location="Gendarme.Framework.RuleInformationManager::GetRuleInformation:0085" Type="Warning">accessing property AssemblyQualifiedName() from potentially null object</message><message Location="Gendarme.Framework.RuleInformationManager::GetRuleInformation:0096" Type="Warning">accessing property AssemblyQualifiedName() from potentially null object</message><message Location="Gendarme.Framework.RuleInformationManager::GetRuleInformation:009c" Type="Warning">accessing property Item(System.Object,System.Object) from potentially null object</message></messages></violation><violation Assembly="C:\Development\mono\bin\Debug\Gendarme.Framework.dll" Name="NullDerefRule" Uri="http://www.mono-project.com/Gendarme"><problem>Method or property 'Gendarme.Framework.RuleInformation Gendarme.Framework.RuleInformationManager::GetRuleInformation(Gendarme.Framework.IRule)' might dereference a null pointer, or cause other code to do so.</problem><solution>Examine the detailed listing of problem locations, and ensure that the variables in question cannot be null.</solution><messages><message Location="Gendarme.Framework.RuleInformationManager::GetRuleInformation:000f" Type="Warning">accessing method GetType() from potentially null object</message></messages></violation><violation Assembly="C:\Development\mono\bin\Debug\Gendarme.Framework.dll" Name="NullDerefRule" Uri="http://www.mono-project.com/Gendarme"><problem>Method or property 'System.Int32 Gendarme.Framework.Violations::get_Count()' might dereference a null pointer, or cause other code to do so.</problem><solution>Examine the detailed listing of problem locations, and ensure that the variables in question cannot be null.</solution><messages><message Location="Gendarme.Framework.Violations::get_Count:0006" Type="Warning">accessing property Count() from potentially null object</message></messages></violation><violation Assembly="C:\Development\mono\bin\Debug\Gendarme.Framework.dll" Name="NullDerefRule" Uri="http://www.mono-project.com/Gendarme"><problem>Method or property 'System.Void Gendarme.Framework.Violations::Add(Gendarme.Framework.IRule,System.Object,System.Collections.IList)' might dereference a null pointer, or cause other code to do so.</problem><solution>Examine the detailed listing of problem locations, and ensure that the variables in question cannot be null.</solution><messages><message Location="Gendarme.Framework.Violations::Add:002f" Type="Warning">accessing method Add(System.Object) from potentially null object</message></messages></violation><violation Assembly="C:\Development\mono\bin\Debug\Gendarme.Framework.dll" Name="NullDerefRule" Uri="http://www.mono-project.com/Gendarme"><problem>Method or property 'System.Void Gendarme.Framework.Violations::Add(Gendarme.Framework.Violation)' might dereference a null pointer, or cause other code to do so.</problem><solution>Examine the detailed listing of problem locations, and ensure that the variables in question cannot be null.</solution><messages><message Location="Gendarme.Framework.Violations::Add:000c" Type="Warning">accessing method Add(System.Object) from potentially null object</message></messages></violation><violation Assembly="C:\Development\mono\bin\Debug\Gendarme.Framework.dll" Name="NullDerefRule" Uri="http://www.mono-project.com/Gendarme"><problem>Method or property 'System.Collections.IEnumerator Gendarme.Framework.Violations::GetEnumerator()' might dereference a null pointer, or cause other code to do so.</problem><solution>Examine the detailed listing of problem locations, and ensure that the variables in question cannot be null.</solution><messages><message Location="Gendarme.Framework.Violations::GetEnumerator:0006" Type="Warning">accessing method GetEnumerator() from potentially null object</message></messages></violation></gendarme-output>