<?xml version="1.0" encoding="utf-8"?>
<manifest xmlns:android="http://schemas.android.com/apk/res/android" android:versionCode="1" android:versionName="1.0" package="xmlresourcesandbox.xmlresourcesandbox">
  <application android:name="mono.Application">
    <activity android:label="My Activity" android:name="xmlresourcesandbox.Activity1">
      <intent-filter>
        <action android:name="android.intent.action.MAIN" />
        <category android:name="android.intent.category.LAUNCHER" />
      </intent-filter>
    </activity>
  </application>
  <uses-permission android:name="android.permission.INTERNET" />
</manifest>