<Addin id          = "PhpBinding"
       name        = "PHP Language Binding"
       namespace   = "MonoDevelop"
       author      = "Martin Lundberg"
       copyright   = "MIT X11"
       url         = "http://www.monodevelop.com"
       description = "PHP Language binding"
       category    = "Language bindings"
       version     = "0.1">

    <Runtime>
        <Import assembly = "PhpBinding.dll"/>
    </Runtime>

    <Dependencies>
        <Addin id = "Core" version = "2.1.0"/>
        <Addin id = "Core.Gui" version = "2.1.0"/>
        <Addin id = "Projects" version = "2.1.0"/>
        <Addin id = "Projects.Gui" version = "2.1.0"/>
        <Addin id = "Ide" version = "2.1.0"/>
        <Addin id = "Components" version = "2.1.0"/>
    </Dependencies>
    	
	<Extension path = "/MonoDevelop/ProjectModel/ProjectBindings">
		<ProjectBinding id = "PhpProject" class = "PhpBinding.PhpProjectBinding"/>
	</Extension>
    
    <Extension path = "/MonoDevelop/Ide/FileTemplates">
    	<FileTemplate id = "EmptyPhpSourceFile" resource = "EmptyPhpSourceFile.xft.xml"/>
    	<FileTemplate id = "BasicPhpClassSourceFile" resource = "BasicPhpClassSourceFile.xft.xml"/>
    </Extension>
    
    <Extension path = "/MonoDevelop/Ide/ProjectTemplates">
    	<ProjectTemplate id = "EmptyPhpProject" resource = "EmptyPhpProject.xpt.xml"/>
    </Extension>
    
    <Extension path = "/MonoDevelop/Ide/FileFilters">
		<FileFilter id = "Php" insertbefore = "AllFiles" _label = "PHP Files" extensions = "*.php"/>
	</Extension>
	
	<Extension path = "/MonoDevelop/ProjectModel/SerializableClasses">
        <DataType class = "PhpBinding.PhpProject"/>
        <DataType class = "PhpBinding.PhpConfiguration"/>
        <DataType class = "PhpBinding.Runtime.Php5Runtime"/>
        <DataType class = "PhpBinding.Linter.Php5Linter.php"/>
    </Extension>
    
    <Extension path = "/MonoDevelop/Core/MimeTypes">
		<MimeType id="text/x-php" icon="md-php-file">
			<File pattern="*.php" />
		</MimeType>
	</Extension>
	
	<Extension path = "/MonoDevelop/ProjectModel/LanguageBindings">
		<LanguageBinding
			id = "PHP"
		    supportedextensions = ".php"
		    class = "MonoDevelop.PhpBinding.PhpLanguageBinding"/>
    </Extension>
    
</Addin>
